slug,area_name,short_descriptor,seo_title,meta_description
licensing,Licensing,"Specialist counsel on licence applications, renewals, variations and suitability across every regulated gaming jurisdiction.",Gambling Licensing Lawyers — Global Directory | GamblingLawyers.com,"Find specialist gambling licensing lawyers on GamblingLawyers.com — counsel on applications, suitability and ongoing regulatory work across every regulated market."
regulatory-compliance,Regulatory Compliance,"Ongoing compliance programmes, supervisory engagement and remediation for licensed gaming operators and suppliers.",Gambling Regulatory Compliance Lawyers | GamblingLawyers.com,"Ongoing compliance counsel for licensed gaming operators and suppliers — programme design, supervisory engagement and remediation across every regulated market."
aml-kyc,AML & KYC,"Anti-money laundering frameworks, customer due diligence and source-of-funds work for regulated gaming operators.",Gambling AML & KYC Lawyers | GamblingLawyers.com,"Specialist counsel on AML and KYC frameworks for licensed gaming operators — programme design, enforcement defence and cross-border coordination."
corporate-ma,Corporate & M&A,"Transactions, corporate structuring and fundraising for operators, suppliers and investors in the gaming industry.",Gambling Corporate & M&A Lawyers | GamblingLawyers.com,"Specialist counsel on gaming-industry transactions, suitability filings and corporate structuring for operators, suppliers and investors worldwide."
payments-fintech,Payments & Fintech,"Payments strategy, PSP structuring and fintech counsel for licensed gaming operators and the providers that serve them.",Gambling Payments & Fintech Lawyers | GamblingLawyers.com,"Specialist counsel on payments strategy, PSP structuring and fintech for licensed gaming operators and the payment providers that serve them."
advertising-promotions,Advertising & Promotions,"Marketing compliance, promotional design and affiliate law for operators in regulated gaming markets.",Gambling Advertising & Affiliate Lawyers | GamblingLawyers.com,"Specialist counsel on marketing compliance, promotional design and affiliate law for licensed gaming operators across regulated jurisdictions."
responsible-gaming,Responsible Gaming,"Player-protection frameworks, duty-of-care programmes and responsible-gambling controls for licensed operators.",Responsible Gaming Lawyers | GamblingLawyers.com,"Specialist counsel on responsible gaming frameworks and player-protection programmes for licensed gambling operators."
data-protection-gdpr,Data Protection & GDPR,"Privacy, data governance and GDPR advice for licensed gaming operators and their service providers.",Gambling Data Protection & GDPR Lawyers | GamblingLawyers.com,"Specialist privacy, data governance and GDPR counsel for licensed gaming operators and the providers that serve them."
intellectual-property,Intellectual Property,"Brand, game IP, licensing and enforcement for operators, suppliers and content producers.",Gambling Intellectual Property Lawyers | GamblingLawyers.com,"Specialist IP counsel for gaming operators, suppliers and content producers across licensing, enforcement and brand protection."
commercial-contracts,Commercial Contracts,"Drafting and negotiation of the commercial agreements that underpin regulated gaming businesses.",Gambling Commercial Contracts Lawyers | GamblingLawyers.com,"Specialist commercial counsel on platform, content, marketing and supplier agreements for regulated gaming operators."
litigation-disputes,Litigation & Disputes,"Contentious work for operators, suppliers and investors — commercial, regulatory and cross-border.",Gambling Litigation & Disputes Lawyers | GamblingLawyers.com,"Specialist counsel on commercial, regulatory and cross-border disputes for the gaming industry."
tax,Tax,"Gaming taxation, remittance, transfer pricing and cross-border tax structuring for the gambling industry.",Gambling Tax Lawyers | GamblingLawyers.com,"Specialist tax counsel for licensed gaming operators — taxation, remittance and cross-border structuring across regulated markets."
employment,Employment,"Workforce, executive and regulatory-employment matters for licensed gaming operators and suppliers.",Gambling Employment Lawyers | GamblingLawyers.com,"Specialist employment counsel for licensed gaming operators and suppliers across regulated markets."
market-entry-strategy,Market Entry Strategy,"Cross-border strategy and sequencing for operators and suppliers entering new regulated jurisdictions.",Gambling Market Entry Lawyers | GamblingLawyers.com,"Specialist counsel on cross-border market entry for operators and suppliers in regulated gaming jurisdictions."
sweepstakes-social-casino,Sweepstakes & Social Casino,"Regulatory and promotional counsel for sweepstakes, social casino and adjacent products.",Sweepstakes & Social Casino Lawyers | GamblingLawyers.com,"Specialist counsel on sweepstakes, social casino and adjacent regulated and unregulated product categories."
skill-games-fantasy-sports,Skill Games & Fantasy Sports,"Legal counsel on skill-gaming, daily fantasy sports and adjacent product categories.",Skill Games & Fantasy Sports Lawyers | GamblingLawyers.com,"Specialist counsel on skill games and daily fantasy sports across multiple jurisdictions."
sports-betting,Sports Betting,"Sports betting licensing, product and commercial counsel across regulated jurisdictions.",Sports Betting Lawyers | GamblingLawyers.com,"Specialist counsel on sports betting licensing, product and commercial work across regulated jurisdictions."
casino,Casino,"Online and land-based casino counsel across licensing, operations and commercial matters.",Casino Gambling Lawyers | GamblingLawyers.com,"Specialist counsel on online and land-based casino operations in regulated markets."
poker,Poker,"Regulatory and commercial counsel for operators of regulated online and live poker products.",Poker Law & Licensing Lawyers | GamblingLawyers.com,"Specialist counsel on regulated online and live poker operations across multiple jurisdictions."
affiliate-compliance,Affiliate Compliance,"Affiliate programme structuring, contracting and supervision for licensed gaming operators.",Gambling Affiliate Compliance Lawyers | GamblingLawyers.com,"Specialist counsel on affiliate programme structuring, contracting and supervision for licensed gaming operators."
